State,District,Population,active_infs,new_infs,gamma,gamma_d,beta,delta,repr_ratio
Andhra_Pradesh,Anantapur,4523180,2111.714285714286,373.57142857142856,0.21098752521977263,0.0016908188326378254,0.1627173356988794,0.28,0.7712178031823769
Andhra_Pradesh,Chittoor,4601128,6080.428571428572,614.7142857142857,0.11614168361841862,0.0010092441799209526,0.09716726718203693,0.08,0.8366269900243414
Andhra_Pradesh,East_Godavari,5393020,10341.142857142857,861.7142857142857,0.12149979712435979,0.0003400352050461354,0.09973200920235471,0.48,0.8208409525184236
Andhra_Pradesh,Guntur,5302318,6047.857142857143,415.2857142857143,0.09670316995480967,0.0006072779245808187,0.08277331726312741,0.2,0.8559524708632424
Andhra_Pradesh,Krishna,4836115,2712.285714285714,306.7142857142857,0.12618804349678162,0.001561335087489117,0.11920890931840454,0.08,0.9446925874672503
Andhra_Pradesh,Kurnool,4591225,1916.7142857142858,159.0,0.15869151231030112,0.0009912067142638932,0.09542699907825938,0.52,0.6013365030617642
Andhra_Pradesh,Prakasam,3733488,9629.285714285714,516.0,0.0892187279331682,0.0007209172928295469,0.048376241179776666,0.52,0.5422207007481014
Andhra_Pradesh,S.P.S._Nellore,3256832,2360.5714285714284,395.2857142857143,0.21427502143326957,0.0010240752061987859,0.1986094193990364,0.44,0.9268902089966103
Andhra_Pradesh,Srikakulam,2861294,3937.4285714285716,323.42857142857144,0.11644994748501382,0.0002463366109242734,0.08693489220574334,0.4,0.7465429919316294
Andhra_Pradesh,Visakhapatnam,4749686,3968.8571428571427,254.14285714285714,0.09039560431226853,0.0010313702962716292,0.07923283534256846,0.08,0.8765120377851707
Andhra_Pradesh,Vizianagaram,2433613,3864.8571428571427,310.0,0.15560971560614853,0.000130081171879333,0.07432485805475277,0.52,0.477636359434462
Andhra_Pradesh,West_Godavari,4061068,6249.571428571428,722.2857142857143,0.10235012723051175,0.0005242149612002942,0.09620531601431567,0.52,0.9399628375414053
Andhra_Pradesh,Y.S.R._Kadapa,3160870,3321.285714285714,333.42857142857144,0.09878747785926587,0.0005888479585330435,0.09490955227710607,0.36,0.9607447657719904
Bihar,Araria,3566532,481.7142857142857,37.142857142857146,0.13049870822403029,0.00034337724064843376,0.09753954068068281,0.4,0.747436829131169
Bihar,Begusarai,3668866,211.71428571428572,27.428571428571427,0.1628924208367604,0.0004500838334021029,0.11568124711210384,0.52,0.7101696108257342
Bihar,Bhagalpur,3723123,363.0,39.42857142857143,0.1349159889293825,0.0010662944515980718,0.09557519699799186,0.08,0.7084052657985382
Bihar,East_Champaran,6432169,430.2857142857143,35.285714285714285,0.11342444886486033,0.0006323898893603341,0.0827972216435066,0.44,0.7299768477795773
Bihar,Gaya,5423337,323.85714285714283,37.714285714285715,0.10956349455059998,0.0007651134126896122,0.09473495087963256,0.52,0.8646579891250263
Bihar,Katihar,3844591,258.57142857142856,23.714285714285715,0.11261790441556128,0.0002207706549364066,0.10715911308506709,0.52,0.951528210733249
Bihar,Madhubani,5505630,455.0,34.42857142857143,0.11043885055551528,0.00026383552201121764,0.045239075092644736,0.44,0.40963007913509575
Bihar,Muzaffarpur,6001439,692.8571428571429,58.0,0.11496173751219362,0.0005192641948450024,0.07872932698776038,0.52,0.6848306983826667
Bihar,Nalanda,3426197,464.85714285714283,39.857142857142854,0.11698954511123837,0.0008004658976018106,0.08473771195949607,0.12,0.7243186720567556
Bihar,Patna,7071903,2023.7142857142858,205.57142857142858,0.11518594693604386,0.0006184975778117553,0.108521235848152,0.48,0.9421395468355841
Bihar,Purnia,4086253,685.4285714285714,93.28571428571429,0.1272581356857624,0.000197012874688986,0.16805248078233778,0.08,1.3205637492388584
Bihar,Rohtas,3490729,316.2857142857143,27.428571428571427,0.11940536147733773,0.0008337349568587495,0.06368802862198703,0.4,0.5333766242487742
Bihar,Saran,4713945,301.2857142857143,23.857142857142858,0.11213723365655837,0.0006082676350739913,0.08417138696751894,0.52,0.7506105173354806
Chandigarh,Chandigarh,1217412,2168.1428571428573,138.57142857142858,0.11518693325630311,0.0014125384351040876,0.08210623074661587,0.52,0.7128085488995598
Chhattisgarh,Bilaspur,3449806,1032.142857142857,146.14285714285714,0.21006794385322186,0.0006937452154322616,0.11183204210778827,0.36,0.5323612925250855
Chhattisgarh,Durg,3910011,2516.285714285714,274.0,0.07269250435533549,0.002221730535813607,0.016079285415508557,0.12,0.22119592051623088
Chhattisgarh,Raigarh,1734652,1487.0,196.0,0.07655298235604982,0.001532798696188031,0.10083943982545529,0.2,1.3172503111171887
Chhattisgarh,Raipur,5313458,10687.285714285714,503.2857142857143,0.04371547539207883,0.0007549533666860843,0.05826024990739787,0.52,1.3327145452467053
Chhattisgarh,Rajnandgaon,1808337,1664.857142857143,105.42857142857143,0.11489177623010359,0.00014543510572153045,0.041245570574449615,0.52,0.35899497708037503
Delhi,Delhi,19960711,28325.0,2727.4285714285716,0.10788092532159842,0.0011466806164213228,0.08711584758903235,0.08,0.8075185425906912
Gujarat,Ahmedabad,8654594,4267.428571428572,168.0,0.03926368617236132,0.0009875296061649353,0.034869556971859755,0.52,0.888086686990823
Gujarat,Jamnagar,2419637,360.2857142857143,85.85714285714286,0.22692194267410382,0.001145090463022205,0.22994374468296644,0.2,1.0133164821931848
Gujarat,Rajkot,4483728,1453.0,133.42857142857142,0.11541017051690294,0.0008684377655562866,0.0894190726524081,0.08,0.7747936967072743
Gujarat,Surat,8350343,2637.5714285714284,253.85714285714286,0.10891854577725121,0.0017727173968887925,0.11048769109917347,0.12,1.014406594494305
Gujarat,Vadodara,4701190,1838.2857142857142,115.14285714285714,0.07737816365597013,0.0010829419131359538,0.09310056836335198,0.08,1.2031891681648714
Haryana,Ambala,1241797,920.0,60.142857142857146,0.11824263049423675,0.0016802409790370018,0.046539160181893184,0.52,0.39359036573667516
Haryana,Faridabad,2331927,1325.5714285714287,158.85714285714286,0.1610904187564731,0.0009383672327088644,0.12507083802605837,0.24,0.7764014706246001
Haryana,Hisar,1953751,1259.857142857143,109.57142857142857,0.10371543105035573,0.0017479573840717198,0.08856864352028873,0.2,0.8539582068292908
Haryana,Karnal,1748994,973.4285714285714,57.42857142857143,0.1140132787204299,0.0011213735822606585,0.02712018241892663,0.52,0.23786863006920084
Haryana,Kurukshetra,1109898,960.0,94.14285714285714,0.25759635296900235,0.0013267498707707757,0.1254885683442048,0.16,0.48715196041345105
Haryana,Panchkula,660535,949.5714285714286,80.42857142857143,0.1563704615445413,0.0007623581560050216,0.10854574195413277,0.44,0.6941575850194323
Haryana,Panipat,1469296,854.2857142857143,46.142857142857146,0.1235434318612978,0.0005938466908370398,0.07344818478194608,0.12,0.5945130686057544
Haryana,Rewari,1042054,584.8571428571429,71.57142857142857,0.12351120658508594,0.0006770074824464856,0.12451427341588928,0.2,1.0081212616938717
Haryana,Rohtak,1183449,799.1428571428571,85.57142857142857,0.12362310905333075,0.001387194043995616,0.14131020597665975,0.08,1.1430727398685534
Haryana,Sonipat,1623165,692.4285714285714,99.42857142857143,0.16591390361998484,0.0008321545519002674,0.11921873094862388,0.32,0.7185578082816177
Jharkhand,Ranchi,3536714,3694.714285714286,308.7142857142857,0.07284992695756386,0.0002069629969610953,0.06108875166676014,0.12,0.8385561141652925
Karnataka,Belagavi,5352819,2316.285714285714,130.71428571428572,0.06273623622920173,0.0010385567870408305,0.059086551121797885,0.2,0.9418249272387011
Karnataka,Bengaluru_Rural,1136459,2085.5714285714284,195.0,0.07001423275476315,0.0014337141118561827,0.10520717228468733,0.52,1.5026540768245433
Karnataka,Bengaluru_Urban,13624407,44936.71428571428,3456.5714285714284,0.07821759119873582,0.0007984042867594321,0.10100271517491309,0.52,1.291304342501224
Karnataka,Bidar,1907010,500.42857142857144,41.857142857142854,0.11800374390136627,0.0006077635425894541,0.10744124756950744,0.12,0.9104901591877669
Karnataka,Chikkaballapura,1358942,1495.7142857142858,101.28571428571429,0.015583560553467952,0.0004507247385168684,0.04022826907129776,0.32,2.581455562306998
Karnataka,Chitradurga,1798113,1316.857142857143,127.0,0.11438061948523767,0.0006265609053480616,0.08824397277377367,0.16,0.7714940972597436
Karnataka,Dakshina_Kannada,2278916,5454.0,273.7142857142857,0.02929702946981946,0.0011213919519795818,0.050072421033097225,0.48,1.7091296264244018
Karnataka,Davanagere,2095957,2882.285714285714,132.57142857142858,0.04739576128570199,0.0004127416280872595,0.050624001800644094,0.52,1.0681124308876957
Karnataka,Dharwad,2096774,2521.5714285714284,149.28571428571428,0.05751006754132431,0.0010063600811616293,0.05810471619534791,0.24,1.0103399053321631
Karnataka,Gadag,1155573,665.2857142857143,60.285714285714285,0.1500773558993813,0.0013682070162405401,0.10943908076477513,0.4,0.7292178097683709
Karnataka,Hassan,1827184,3082.1428571428573,302.14285714285717,0.057797389649680335,0.0015207799690462392,0.08723854486770917,0.16,1.5093855517779715
Karnataka,Haveri,1755246,1739.5714285714287,96.28571428571429,0.046286108160389396,0.0012185326265682732,0.0712812615553682,0.16,1.540014150862852
Karnataka,Kalaburagi,2978691,2617.5714285714284,145.14285714285714,0.03223392690684015,0.0005937945038867866,0.059525428491836514,0.12,1.8466700834767054
Karnataka,Kolar,1684505,1110.2857142857142,84.0,0.03748002026458228,0.0008656867806917848,0.05691123528270549,0.32,1.5184419560329117
Karnataka,Koppal,1591085,2191.0,108.28571428571429,0.0772301514504559,0.0008923863695299656,0.02305589696752161,0.52,0.29853491848079894
Karnataka,Mandya,1844483,1851.142857142857,193.42857142857142,0.05199978065381434,0.0005709631435827162,0.12048783572503764,0.08,2.31708353785526
Karnataka,Mysuru,3367012,6455.571428571428,420.7142857142857,0.007889823307021718,0.000473689259467354,0.06250485721525789,0.08,7.922212549377417
Karnataka,Raichur,2196148,1560.857142857143,78.85714285714286,0.08108152984864489,0.00034566553154238275,0.0706250970054693,0.12,0.87103804204614
Karnataka,Shivamogga,1858248,3130.4285714285716,196.71428571428572,0.0696989885511189,0.001937016929001179,0.06529448356280777,0.08,0.9368067588946322
Karnataka,Tumakuru,2766758,3362.1428571428573,206.42857142857142,0.04469510338389459,0.0009215212009993374,0.06698891438168532,0.52,1.4987976156203293
Karnataka,Udupi,1239220,1815.7142857142858,175.71428571428572,0.06747430786668934,0.00029236112499771713,0.11757547342161126,0.44,1.7425221115851686
Karnataka,Uttara_Kannada,1516739,2347.714285714286,106.14285714285714,0.023367389840118966,0.0001279340823320434,0.041966049110270146,0.52,1.7959236952609718
Karnataka,Vijayapura,2575205,666.5714285714286,88.57142857142857,0.12968400741733954,0.0014919638225470392,0.14853570955248235,0.12,1.1453664373161732
Karnataka,Yadgir,1412778,793.4285714285714,71.57142857142857,0.1147553417988407,0.00031774726076256275,0.093864078884324,0.08,0.8179495386703842
Kerala,Ernakulam,3449887,6342.285714285715,680.0,0.04362866615700869,0.00012379956371178123,0.12573229890931903,0.4,2.8818735474708266
Kerala,Kannur,2630254,4041.4285714285716,349.57142857142856,0.03740750975141843,0.0001980145452197808,0.08330621574515916,0.16,2.226991753761431
Kerala,Kollam,2681357,4984.571428571428,512.0,0.048795699759557186,0.00044606920180325445,0.12006327309011956,0.32,2.4605297942592537
Kerala,Kozhikode,3285453,5773.0,718.1428571428571,0.0820736242049221,0.00045328578169818567,0.14243624700115487,0.2,1.7354692007449173
Kerala,Malappuram,4607416,5117.0,706.7142857142857,0.10284543644212826,0.00038512321048412716,0.16012578610558983,0.28,1.5569556768393273
Kerala,Palakkad,2995210,3597.714285714286,405.2857142857143,0.06447070573643056,0.0005492150692878926,0.13467325255674711,0.52,2.0889061321481255
Kerala,Pathanamthitta,1165397,1921.5714285714287,196.85714285714286,0.07933117212676066,6.667700209128453e-05,0.12058138795552396,0.32,1.519974868931105
Kerala,Thiruvananthapuram,3362979,10024.0,732.0,0.04276757729209535,0.00037916371343531616,0.08896341170318199,0.48,2.0801601899396096
Madhya_Pradesh,Bhopal,2973789,2111.714285714286,214.0,0.10860774058813696,0.0016591784395664064,0.10973592892858518,0.12,1.0103877341922298
Madhya_Pradesh,Gwalior,2475115,1811.5714285714287,101.57142857142857,0.09362573768433201,0.0009177195704945916,0.07995038010370194,0.08,0.8539359163530671
Madhya_Pradesh,Indore,4232165,4284.714285714285,394.0,0.08418978438123723,0.0015599169341812323,0.10969978627874886,0.08,1.3030059060609362
Madhya_Pradesh,Jabalpur,2782697,1281.0,172.28571428571428,0.1638298233119768,0.0017656289077431692,0.15700330238222612,0.44,0.9583316346697689
Maharashtra,Ahmednagar,5048643,7750.714285714285,560.8571428571429,0.08785274396884392,0.0012097515387924206,0.07341567133663125,0.16,0.8356673681435308
Maharashtra,Akola,1997502,2264.285714285714,76.85714285714286,0.03929710395855431,0.0014151653738291026,0.04481884980342711,0.52,1.140512793275974
Maharashtra,Amravati,3167458,2500.1428571428573,194.85714285714286,0.10567181840490636,0.0020982418465727726,0.12173481231972459,0.08,1.1520083041749987
Maharashtra,Aurangabad,4606386,9631.142857142857,287.14285714285717,0.02520295218777197,0.0005610164036667563,0.04470454819329567,0.08,1.773782208537678
Maharashtra,Beed,3037079,2949.5714285714284,157.57142857142858,0.06323333932630436,0.0013064058232435604,0.06269831600298524,0.52,0.9915389044921663
Maharashtra,Bhandara,1261198,1773.7142857142858,160.28571428571428,0.09454507769667615,0.001864812176741953,0.08898173429584098,0.08,0.9411567102553584
Maharashtra,Chandrapur,2331502,4745.285714285715,254.85714285714286,0.0389018510794032,0.0008096665827748039,0.057171467599148325,0.52,1.4696336038728521
Maharashtra,Dhule,2417977,950.2857142857143,64.71428571428571,0.13114900877916855,0.0004981500318172928,0.04754684174024516,0.08,0.3625406107361858
Maharashtra,Jalgaon,4791614,7140.285714285715,348.0,0.09236783927817695,0.0009910845559376687,0.06867342289198264,0.36,0.7434776371152767
Maharashtra,Jalna,2340859,2070.0,100.42857142857143,0.01682248266191977,0.0005867623584828388,0.044794445642019384,0.08,2.6627725848942845
Maharashtra,Kolhapur,4223670,8047.142857142857,382.2857142857143,0.05613039180452152,0.0021942294418649706,0.04474412017756307,0.52,0.7971460511693552
Maharashtra,Latur,2847849,3885.1428571428573,210.28571428571428,0.06851710550917843,0.0013677976331179142,0.06716806554145249,0.24,0.9803109025446906
Maharashtra,Mumbai,12875246,27549.14285714286,1834.4285714285713,0.0793488490939042,0.0015145776458661256,0.0726524065618701,0.52,0.915607565723993
Maharashtra,Nagpur,5252740,15484.42857142857,1083.5714285714287,0.11221881723505979,0.0012816639175936052,0.07853070063011118,0.32,0.6997997534193967
Maharashtra,Nandurbar,2024476,901.5714285714286,55.285714285714285,0.09085517895957272,0.0015514315135871958,0.08057308712624837,0.08,0.8868298763915318
Maharashtra,Nashik,7319991,15465.42857142857,1003.5714285714286,0.06672057277762326,0.0006982318441389071,0.08376218214206747,0.08,1.2554176119147409
Maharashtra,Osmanabad,1828220,2988.4285714285716,194.42857142857142,0.034151832040881076,0.002501106882798663,0.04656896521374016,0.52,1.3635861513372194
Maharashtra,Parbhani,2166499,1267.142857142857,64.57142857142857,0.05997570696858922,0.0024222780494525596,0.05252843104919396,0.52,0.8758284596245679
Maharashtra,Pune,11971755,57808.57142857143,2663.285714285714,0.061170869205253935,0.0008996000802300263,0.05414341464648524,0.16,0.8851176278828304
Maharashtra,Sangli,3055687,9331.857142857143,525.0,0.10105843998645238,0.00219887456005187,0.05578462056658677,0.36,0.5520035790584646
Maharashtra,Satara,3190531,8430.285714285714,566.1428571428571,0.060462222390601214,0.002213999433300607,0.056503177104754325,0.16,0.9345203479245195
Maharashtra,Solapur,4787647,7455.142857142857,397.2857142857143,0.06531185679395718,0.0007850347801737031,0.06623312024708279,0.52,1.0141056080526385
Maharashtra,Thane,14587316,29509.571428571428,1407.142857142857,0.055992096298687295,0.001158464909563375,0.05656445115158788,0.32,1.010222065090176
Maharashtra,Yavatmal,3089185,2351.5714285714284,158.85714285714286,0.10095864253492495,0.003793953164783919,0.06926222306606754,0.48,0.6860455066252246
Odisha,Balasore,2623782,1310.0,125.42857142857143,0.10402003418704539,0.0005099571501023904,0.1236875534987978,0.52,1.1890743400101842
Odisha,Bargarh,1614204,1061.2857142857142,111.0,0.114614986368228,0.00024922594281174084,0.09073257765956917,0.4,0.7916292671193024
Odisha,Bhadrak,1680681,769.4285714285714,72.14285714285714,0.10150074394456887,0.0004527934112799867,0.1036366347010803,0.12,1.0210431044493415
Odisha,Cuttack,2909014,3979.0,361.7142857142857,0.10992531602612543,0.00037881965245781257,0.09092424336947258,0.52,0.8271456171921584
Odisha,Ganjam,3897162,247.14285714285714,46.0,0.2678789772741939,0.0011416779811029788,0.2772471332668836,0.08,1.0349715983240473
Odisha,Khordha,2651917,5947.285714285715,682.5714285714286,0.09339493573237713,0.0005259989155907077,0.08938977212196876,0.08,0.95711583739524
Odisha,Koraput,1587283,631.8571428571429,62.285714285714285,0.12742767908696784,0.0001791407207685323,0.11213772431797464,0.52,0.8800107254675965
Odisha,Mayurbhanj,2820002,1276.142857142857,140.14285714285714,0.10377659959656008,0.0006679038322534504,0.09956745136735783,0.2,0.9594402953501497
Odisha,Puri,1896950,1605.4285714285713,162.42857142857142,0.11789506560981369,0.0007046702173466307,0.10385909559747643,0.52,0.8809452292194246
Odisha,Sambalpur,1151861,1049.5714285714287,107.28571428571429,0.10812611899496219,0.0005489818670129813,0.10411470221214246,0.52,0.9629005755491268
Odisha,Sundargarh,2362022,1003.0,85.85714285714286,0.10654291489241621,0.0008741315866107826,0.12047124904479721,0.48,1.130729801849756
Puducherry,Puducherry,1196990,4131.857142857143,297.42857142857144,0.08460249508894048,0.0006726774499032961,0.08498152784837809,0.16,1.0044801605323714
Punjab,Bathinda,1603497,1719.2857142857142,76.0,0.059803996183075185,0.0014148242252839428,0.09114341146840002,0.24,1.524035470629537
Punjab,Gurdaspur,2489092,875.4285714285714,66.57142857142857,0.13045178181842734,0.003851752866532477,0.08964774126601142,0.32,0.687209787527394
Punjab,Jalandhar,2424458,1809.857142857143,131.0,0.1091574109466279,0.0036085752164253626,0.08195730878172709,0.12,0.750817631812464
Punjab,Patiala,2227327,1409.4285714285713,94.57142857142857,0.11063477343192306,0.002411663130735211,0.06092527888356691,0.08,0.5506883323718839
Rajasthan,Ajmer,3011068,235.0,83.42857142857143,0.33959451023482273,0.003508304985471846,0.2925032987882626,0.52,0.8613310579903146
Rajasthan,Alwar,4420767,326.7142857142857,91.57142857142857,0.33501444119156204,0.0003116806211127809,0.30444196592180955,0.52,0.9087428137097199
Rajasthan,Bikaner,2874723,288.57142857142856,87.71428571428571,0.27536918891192314,0.0033005240424175348,0.2647837988331227,0.52,0.9615592793056228
Rajasthan,Jodhpur,4596008,3926.8571428571427,278.57142857142856,0.03849943107908012,0.00021303688265721015,0.07077692484877651,0.44,1.838388850562402
Rajasthan,Kota,2374146,1900.5714285714287,58.142857142857146,0.05815466806003617,0.0003100637062070748,0.016915445155060858,0.12,0.29086994594480603
Rajasthan,Pali,2255261,371.57142857142856,75.14285714285714,0.19262349717393204,0.0013914938388595712,0.2314906107683295,0.08,1.2017776344248483
Tamil_Nadu,Chennai,4937551,10837.714285714286,1099.0,0.09805561042348059,0.0014450269843407737,0.11975820711416107,0.4,1.2213294741315848
Tamil_Nadu,Coimbatore,4030754,4995.428571428572,525.7142857142857,0.1084349412066252,0.0010799549848346038,0.12528682121410786,0.2,1.155410053438135
Tamil_Nadu,Cuddalore,2932641,1515.5714285714287,160.57142857142858,0.12688698606354168,0.0014401793787483217,0.10230888241960386,0.12,0.8062992556886035
Tamil_Nadu,Dindigul,2397684,488.42857142857144,38.142857142857146,0.12742868812142302,0.001109111185775261,0.09327794542640057,0.52,0.7320011435534735
Tamil_Nadu,Erode,2486748,1111.7142857142858,106.71428571428571,0.11422201455604483,0.001399552340535227,0.12051767203423489,0.12,1.0551177240452276
Tamil_Nadu,Kancheepuram,5375809,1006.1428571428571,109.28571428571429,0.13277126653852503,0.001774694245578669,0.13262019386048227,0.52,0.9988621583420768
Tamil_Nadu,Kanyakumari,2064474,922.1428571428571,81.28571428571429,0.09275172314830013,0.0007626123468442656,0.12663692273748836,0.08,1.3653322918325668
Tamil_Nadu,Madurai,3522087,723.2857142857143,64.85714285714286,0.10231353599668468,0.0011907287769792189,0.08781875049063041,0.52,0.8583297374599198
Tamil_Nadu,Nagapattinam,1740625,548.1428571428571,41.42857142857143,0.1520302362186118,0.0009432884983414043,0.09164701947026911,0.48,0.6028210029121136
Tamil_Nadu,Namakkal,1967388,1014.0,124.28571428571429,0.10940243389293111,0.0013392685428231315,0.12846031241820496,0.48,1.174199767291514
Tamil_Nadu,Pudukkottai,1775923,727.7142857142857,77.71428571428571,0.1269926444611208,0.002520123933111034,0.1092056265202107,0.08,0.8599366284843714
Tamil_Nadu,Ramanathapuram,1522413,158.85714285714286,16.428571428571427,0.11550465645372235,0.0016944068869096554,0.08094140540036139,0.2,0.7007631370497264
Tamil_Nadu,Salem,3962368,2744.1428571428573,278.14285714285717,0.0903270973363045,0.0021463847750957973,0.09829157836560135,0.28,1.0881737735869406
Tamil_Nadu,Thanjavur,2590519,1323.0,166.85714285714286,0.07102704376187434,0.0025245402769723,0.08573834231175415,0.08,1.207122495470894
Tamil_Nadu,Theni,1400617,508.57142857142856,60.142857142857146,0.14256999155149344,0.0021226223462179655,0.14409975413212264,0.4,1.0107299058096435
Tamil_Nadu,Thiruvallur,1356153,1611.0,188.85714285714286,0.13673027726025386,0.0015976614635456136,0.12853506896459296,0.08,0.940062958549685
Tamil_Nadu,Thoothukkudi,1905099,607.0,48.57142857142857,0.10563647115858611,0.0004653026890568192,0.06944847222136713,0.52,0.6574289301760945
Tamil_Nadu,Tiruchirappalli,3028346,783.8571428571429,77.28571428571429,0.12023100182281533,0.0010699425198811318,0.11438172935738541,0.52,0.9513497153250873
Tamil_Nadu,Tirunelveli,3457579,890.8571428571429,76.14285714285714,0.11318459755370502,0.0005467223041052036,0.10262885289702418,0.28,0.9067386827817077
Tamil_Nadu,Tiruppur,3119896,1639.5714285714287,165.14285714285714,0.1174329555687914,0.002830101962391327,0.11125767957221634,0.4,0.9474144547698314
Tamil_Nadu,Tiruvannamalai,2746014,985.0,115.71428571428571,0.13320548230083437,0.0023106778856956385,0.1399758564762635,0.52,1.0508265430107355
Tamil_Nadu,Vellore,4401028,874.1428571428571,111.0,0.14459675554533405,0.002497236569863712,0.1384288471899229,0.12,0.9573440750302493
Tamil_Nadu,Viluppuram,3978908,976.8571428571429,117.85714285714286,0.13797265058139274,0.0008792011364107666,0.15102987559984804,0.08,1.0946363280217812
Tamil_Nadu,Virudhunagar,2131921,284.57142857142856,33.857142857142854,0.15078777621969364,0.001940018433731049,0.12349637243120001,0.24,0.8190078501540417
Uttar_Pradesh,Aligarh,4419128,1201.7142857142858,72.0,0.09663553921467728,0.00024274134392686882,0.05757521673136973,0.24,0.5957975419733058
Uttar_Pradesh,Ayodhya,2874258,864.4285714285714,62.285714285714285,0.08874391619297559,0.00104485388848737,0.08112133676079479,0.44,0.9141058930101155
Uttar_Pradesh,Ballia,3741668,651.4285714285714,35.285714285714285,0.09786037066298382,0.0016653405434353776,0.08192444803134703,0.16,0.8371565269610752
Uttar_Pradesh,Barabanki,3898578,643.7142857142857,42.42857142857143,0.09359325017937827,0.0009178940577781225,0.04461844836849204,0.52,0.47672720290167875
Uttar_Pradesh,Bareilly,5356663,1654.2857142857142,84.42857142857143,0.07051351662564571,0.00026169581804092113,0.05986773778273236,0.44,0.84902499049322
Uttar_Pradesh,Deoria,3495943,358.14285714285717,24.142857142857142,0.11945750333880767,0.0015701557305202974,0.08579639194657752,0.24,0.7182168515881346
Uttar_Pradesh,Gautam_Buddha_Nagar,2361277,1579.2857142857142,148.14285714285714,0.10303918811886126,0.00013519742579830516,0.08034849866433953,0.16,0.7797858283942728
Uttar_Pradesh,Ghaziabad,6388981,1896.2857142857142,170.0,0.07992816644388377,0.00013908788736589035,0.09471619455192246,0.08,1.1850164812478354
Uttar_Pradesh,Gorakhpur,5146869,1655.5714285714287,135.28571428571428,0.11623555917350849,0.0024604202781369415,0.10843893322988055,0.2,0.932923917611222
Uttar_Pradesh,Jhansi,2258291,857.7142857142857,56.57142857142857,0.09692281200460198,0.002794590432871565,0.06937803928704961,0.52,0.7158071237528217
Uttar_Pradesh,Kanpur_Nagar,4988132,3624.4285714285716,168.42857142857142,0.08169835107891234,0.0016924207117035989,0.044237852324830636,0.24,0.5414779091698111
Uttar_Pradesh,Lucknow,5643953,7663.0,450.57142857142856,0.09550816302446874,0.0012611218960768176,0.04611003173065987,0.32,0.4827862904121263
Uttar_Pradesh,Meerut,3929657,2499.714285714286,164.42857142857142,0.06835780598769937,0.0009735493816882668,0.05686861398616041,0.24,0.8319256764383809
Uttar_Pradesh,Moradabad,5842497,1370.4285714285713,57.285714285714285,0.05919520864760836,0.0011777160018700227,0.05340701245703348,0.16,0.9022185017535411
Uttar_Pradesh,Prayagraj,7047792,3066.714285714286,212.42857142857142,0.08961463156506877,0.0011561185092731144,0.07125286918877581,0.08,0.7951030757409233
Uttar_Pradesh,Saharanpur,4074084,1176.142857142857,44.42857142857143,0.06786680431570645,0.0013089173748844379,0.04157513949972696,0.28,0.6125990448338409
Uttar_Pradesh,Shahjahanpur,3595030,623.4285714285714,38.0,0.11795599052121784,0.0013448088056762357,0.0855552335111951,0.24,0.7253148664442395
Uttar_Pradesh,Varanasi,4239659,2092.4285714285716,166.57142857142858,0.08997144858574903,0.0014876639841690544,0.09260522862525862,0.12,1.0292735093289003
Uttarakhand,Dehradun,2183252,3288.714285714286,194.57142857142858,0.09015271893633178,0.0014486995508198829,0.05911166465847341,0.2,0.6556836594159697
Uttarakhand,Haridwar,2404304,1719.2857142857142,102.71428571428571,0.07463829303893532,0.0008553863852982203,0.02800007103808072,0.08,0.37514350741481167
Uttarakhand,Nainital,1167991,1141.857142857143,66.14285714285714,0.08931886252603516,0.0014059941440503535,0.11618262472290043,0.16,1.3007624754405585
Uttarakhand,Udham_Singh_Nagar,2137842,1096.5714285714287,66.14285714285714,0.06592423973191382,0.0007867478265524036,0.032527516547179745,0.4,0.49340753385181974
West_Bengal,Bankura,4003781,677.2857142857143,69.14285714285714,0.123555466117801,0.0022699294097521896,0.08672655025466693,0.28,0.7019240263476452
West_Bengal,Cooch_Behar,3164699,694.4285714285714,74.14285714285714,0.12502605561575764,0.0014594483015259885,0.13600977386043175,0.16,1.087851433771776
West_Bengal,Dakshin_Dinajpur,1849043,414.0,45.142857142857146,0.13262499830005206,0.0008872530509764526,0.13063718463093044,0.4,0.9850117723310022
West_Bengal,Darjeeling,2090575,685.0,70.28571428571429,0.13514455017992397,0.0015930655993623738,0.11194510996597681,0.28,0.8283361024690917
West_Bengal,Hooghly,5987089,1249.7142857142858,129.28571428571428,0.1263584476704962,0.002290020172574205,0.11839110043658439,0.12,0.9369464615876876
West_Bengal,Howrah,5435576,1400.857142857143,157.28571428571428,0.12061102105474644,0.004643271304304377,0.11683447078540508,0.08,0.9686881825863397
West_Bengal,Jalpaiguri,4353029,543.4285714285714,54.0,0.1158797293307485,0.0012311513533091584,0.07984423746734236,0.48,0.6890267860347498
West_Bengal,Kolkata,4429215,5064.714285714285,565.1428571428571,0.11448695869888084,0.003019046752864949,0.13629816518365634,0.44,1.1905125852992784
West_Bengal,Murshidabad,8438930,653.7142857142857,67.85714285714286,0.11758249309769944,0.0005688124612691492,0.11471363864279804,0.36,0.9756013469410139
West_Bengal,Nadia,5732669,870.1428571428571,98.71428571428571,0.13747939159943992,0.0016668687280734363,0.14657235136261207,0.44,1.0661405295541706
West_Bengal,Purba_Medinipur,5795189,1062.142857142857,106.14285714285714,0.12031107285468312,0.0022801436385647745,0.11481579693423462,0.24,0.9543244375595759
West_Bengal,South_24_Parganas,9485640,1819.142857142857,200.42857142857142,0.10721152297978585,0.002425368690322033,0.12806349220188296,0.08,1.1944937320406186
